{
 "config": {
  "n_paths": 10000,
  "horizon_days": 70,
  "event_day": 45,
  "spcx_s0": 150.0,
  "spcx_vol": 0.7,
  "spcx_drift": 0.0,
  "jump_mean": -0.08,
  "jump_std": 0.12,
  "googl_value_eur": 1200.0,
  "googl_vol": 0.28,
  "googl_drift": 0.06,
  "rho": 0.45,
  "t_dof": 4,
  "fx_eurusd": 1.143379807472229,
  "seed": 7
 },
 "spread": {
  "long_strike": 140.0,
  "short_strike": 135.0,
  "debit": 2.2,
  "contracts": 1
 },
 "report": {
  "mean": 69.95322972623103,
  "median": 79.8538421397011,
  "VaR95": 309.17134353536653,
  "ES95": 380.9167771864202,
  "p_loss": 0.376,
  "p_loss_gt_200": 0.1367,
  "best_5pct": 435.38481114852283,
  "worst_path": -622.3875516172957
 },
 "fx_source": "live EURUSD=X"
}