{
 "config": {
  "n_paths": 10000,
  "horizon_days": 70,
  "event_day": 45,
  "spcx_s0": 150.0,
  "spcx_vol": 0.7,
  "spcx_drift": 0.0,
  "jump_mean": -0.08,
  "jump_std": 0.12,
  "googl_value_eur": 1200.0,
  "googl_vol": 0.28,
  "googl_drift": 0.06,
  "rho": 0.45,
  "t_dof": 4,
  "fx_eurusd": 1.1436413526535034,
  "seed": 7
 },
 "spread": {
  "long_strike": 140.0,
  "short_strike": 135.0,
  "debit": 2.2,
  "contracts": 1
 },
 "report": {
  "mean": 69.94153556692117,
  "median": 79.79783745124791,
  "VaR95": 309.12733985158184,
  "ES95": 380.87308524040634,
  "p_loss": 0.376,
  "p_loss_gt_200": 0.1367,
  "best_5pct": 435.32880646006964,
  "worst_path": -622.343547933511
 },
 "fx_source": "live EURUSD=X"
}