{
 "config": {
  "n_paths": 10000,
  "horizon_days": 70,
  "event_day": 45,
  "spcx_s0": 150.0,
  "spcx_vol": 0.7,
  "spcx_drift": 0.0,
  "jump_mean": -0.08,
  "jump_std": 0.12,
  "googl_value_eur": 1200.0,
  "googl_vol": 0.28,
  "googl_drift": 0.06,
  "rho": 0.45,
  "t_dof": 4,
  "seed": 7
 },
 "spread": {
  "long_strike": 140.0,
  "short_strike": 135.0,
  "debit": 2.2,
  "contracts": 1
 },
 "report": {
  "mean": 72.95404522089402,
  "median": 86.42219463336774,
  "VaR95": 320.4630433167922,
  "ES95": 392.12848254428576,
  "p_loss": 0.3765,
  "p_loss_gt_200": 0.1465,
  "best_5pct": 448.4543750414753,
  "worst_path": -633.6792513987214
 }
}