{
 "config": {
  "n_paths": 10000,
  "horizon_days": 70,
  "event_day": 45,
  "spcx_s0": 150.0,
  "spcx_vol": 0.7,
  "spcx_drift": 0.0,
  "jump_mean": -0.08,
  "jump_std": 0.12,
  "googl_value_eur": 1200.0,
  "googl_vol": 0.28,
  "googl_drift": 0.06,
  "rho": 0.45,
  "t_dof": 4,
  "fx_eurusd": 1.1594202518463135,
  "seed": 7
 },
 "spread": {
  "long_strike": 140.0,
  "short_strike": 135.0,
  "debit": 2.2,
  "contracts": 1
 },
 "report": {
  "mean": 69.24579292708562,
  "median": 78.18771394314746,
  "VaR95": 306.50934583357844,
  "ES95": 378.2736380246035,
  "p_loss": 0.3756,
  "p_loss_gt_200": 0.1343,
  "best_5pct": 432.38490422451304,
  "worst_path": -619.7255539155076
 },
 "fx_source": "live EURUSD=X"
}