{
 "config": {
  "n_paths": 10000,
  "horizon_days": 70,
  "event_day": 45,
  "spcx_s0": 150.0,
  "spcx_vol": 0.7,
  "spcx_drift": 0.0,
  "jump_mean": -0.08,
  "jump_std": 0.12,
  "googl_value_eur": 1200.0,
  "googl_vol": 0.28,
  "googl_drift": 0.06,
  "rho": 0.45,
  "t_dof": 4,
  "fx_eurusd": 1.161170482635498,
  "seed": 7
 },
 "spread": {
  "long_strike": 140.0,
  "short_strike": 135.0,
  "debit": 2.2,
  "contracts": 1
 },
 "report": {
  "mean": 69.16978461264918,
  "median": 78.1653126951763,
  "VaR95": 306.22333589093813,
  "ES95": 377.98965427827835,
  "p_loss": 0.3752,
  "p_loss_gt_200": 0.134,
  "best_5pct": 432.02089157024284,
  "worst_path": -619.4395439728672
 },
 "fx_source": "live EURUSD=X"
}