{
 "config": {
  "n_paths": 10000,
  "horizon_days": 70,
  "event_day": 45,
  "spcx_s0": 150.0,
  "spcx_vol": 0.7,
  "spcx_drift": 0.0,
  "jump_mean": -0.08,
  "jump_std": 0.12,
  "googl_value_eur": 1200.0,
  "googl_vol": 0.28,
  "googl_drift": 0.06,
  "rho": 0.45,
  "t_dof": 4,
  "fx_eurusd": 1.1465259790420532,
  "seed": 7
 },
 "spread": {
  "long_strike": 140.0,
  "short_strike": 135.0,
  "debit": 2.2,
  "contracts": 1
 },
 "report": {
  "mean": 69.81291261472907,
  "median": 79.5184721981437,
  "VaR95": 308.6433474955917,
  "ES95": 380.3925216586728,
  "p_loss": 0.3759,
  "p_loss_gt_200": 0.1362,
  "best_5pct": 434.7128161888094,
  "worst_path": -621.8595555775208
 },
 "fx_source": "live EURUSD=X"
}